model_id,model_name,test_mae,test_mse,test_rmse,test_r2,openmc_time_taken,openmc_mae,openmc_mse,openmc_rmse,openmc_r2
averaged_ensemble,VotingRegressor,0.0024345761031303,1.1036562362361067e-05,0.0033221322012167,0.9996803621808914,0.05277,0.005000014430468,3.336204068128138e-05,0.0057759882861101,0.9988123807434314
stacked_ensemble,StackingRegressor,0.0021584528125152,8.361745017870623e-06,0.0028916682067399,0.9997578294895004,0.048271,0.004760558556677761,3.0721509168609726e-05,0.005542698726126987,0.9989063781730846
